name,iata
Abelag Aviation,W9
Aigle Azur,ZI
Ada Air,ZY
Adria Airways,JP
Air Europa,UX
Aegean Airlines,A3
Air Atlantique,KI
Air Europe,PE
Astraeus,5W
Aerosvit Airlines,VV
Air Italy,I9
Aeroflot Russian Airlines,SU
Air Bosna,JA
Air France,AF
Air Caledonie International,SB
Amadeus Global Travel Distribution,1A
Air Glaciers,7T
Air Alpha Greenland,GD
Aeromist-Kharkiv,HT
Azerbaijan Airlines,J2
Avies,U3
Airbus Industrie,AP
Air Berlin,AB
Air Contractors,AG
Air Atlanta Icelandic,CC
Air Srpska,RB
Air Tahiti Nui,TN
Aero Services Executive,W4
Air One,AP
Air Malta,KM
Tatarstan Airlines,U9
Air Libert,VD
Air Lithuania,TT
Air Sicilia,BM
Air Nostrum,YW
Air Baltic,BT
AOM French Airlines,IW
AVCOM,J6
Alitalia Express,XM
Aero Flight,GV
Aerocondor,2B
Air Armenia,QN
Airstars,PL
Astrakhan Airlines,OB
Air Saint Pierre,PJ
Austrian Airlines,OS
Augsburg Airways,IQ
AirBridge Cargo,RU
Aeroflot-Nord,5N
Aurigny Air Services,GR
Air Mediterranee,DR
Aeroline GmbH,7E
Air Wales,6G
Air Caraïbes,TX
Air Exel,XT
Axis Airways,6V
Atlant-Soyuz Airlines,3G
Alitalia,AZ
Arcus-Air Logistic,ZE
Rossiya-Russian Airlines,FV
Aviaexpress,RX
Airshop,FF
Air Foyle,GS
Air Urga,3N
Air VIA,VL
ATRAN Cargo Airlines,V8
Air Dolomiti,EN
Aeroflot-Don,D9
Air Madrid,NM
Aero Airlines,EE
Air City,4F
Aer Lingus,EI
Alpi Eagles,E8
Air Finland,OF
Air Iceland,NY
Amber Air,0A
Air Georgia,DA
Air Greenland,GL
Atyrau Air Ways,IP
Atlasjet,KK
Air Astana,KC
Albanian Airlines,LV
Alidaunia,D4
Air Alps Aviation,A6
Atlantis European Airways,TD
Air Luxor,LK
Air Moldova,9U
Air Plus Comet,A7
Aeroland Airways,3S
Astair,8D
Airbus France,4Y
Aer Arann,RE
Air Austral,UU
Airlinair,A5
Armenian International Airways,MV
Armavia,U8
Air Service,M3
Air Slovakia,GM
Aircompany Yakutia,R3
Arkefly,OR
Air Cal,TY
Tyrolean Airways,VO
Aero-Charter Ukraine,DW
Air Ukraine,6U
Alrosa Mirny Air Enterprise,6R
British Airways,BA
Bluebird Cargo,BF
BACH Flugbetriebsges,B4
B&H Airlines,JA
Belair Airlines,4T
BA Connect,TH
British International Helicopters,BS
Blue1,KF
bmi,BD
bmibaby,WW
Blue Panorama Airlines,BV
Belavia Belarusian Airlines,B2
BAL Bashkirian Airlines,V9
Blue Wings,QW
Brit Air,DB
Brussels Airlines,SN
Binter Canarias,NT
Blue Air,0B
British Mediterranean Airways,KJ
Bulgaria Air,FB
Barents AirLink,8N
CHC Airways,AW
Calima Aviacion,XG
Cargoitalia,2G
Cargolux,CV
Carpatair,V3
Centavia,7N
Centralwings,C0
Centre-Avia,J7
Chitaavia,X7
Cimber Air,QI
Cirrus Airlines,C9
City Airline,CF
CityJet,WX
BA CityFlyer,CJ
Club Air,6P
Coast Air,BX
Condor Flugdienst,DE
Contact Air,C3
Continental Airways,PC
Corsairfly,SS
Corse-Mediterranee,XK
Croatia Airlines,OU
Crossair Europe,QE
Cyprus Airways,CY
Cyprus Turkish Airlines,YK
Czech Airlines,OK
DAT Danish Air Transport,DX
Dagestan Airlines,N2
Dalavia,H8
Darwin Airline,0D
Dauair,D5
Deutsche Bahn,2A
Deutsche Rettungsflugwacht,1I
Domodedovo Airlines,E3
DonbassAero,5D
dba,DI
Electronic Data Systems,1C
EUjet,VE
Eastern Airways,T3
Edelweiss Air,WK
Estonian Air,OV
Euro Exec Express,RZ
Eurocypria Airlines,UI
Eurofly Service,GJ
Eurolot,K2
Euromanx Airways,3W
European Air Express,EA
European Air Transport,QY
European Aviation Air Charter,E7
Eurowings,EW
Excel Airways,JN
easyJet,U2
Falcon Aviation,IH
Finnair,AY
Finncomm Airlines,FC
First Choice Airways,DP
Fischer Air,8F
Flightline,B5
Fly Air,F2
Fly Me Sweden,SH
FlyLal,TE
FlyNordic,LF
Flybaboo,F7
Flybe,BE
Flyglobespan,B4
Futura International Airways,FH
GB Airways,GT
Gandalf Airlines,G7
Gazpromavia,4G
Georgian Airways,A9
Georgian National Airlines,QB
Germania,ST
Germanwings,4U
Gestair,GP
Go One Airways,GK
Golden Air,DC
Hahn Air,HR
Hamburg International,4R
TUIfly,X3
Hapagfly,HF
Heli France,8H
Helios Airways,ZU
Hellas Jet,T4
Hello,HW
Helvetic Airways,2L
Hemus Air,DU
Hex'Air,UD
Hi Fly,5K
Hola Airlines,H5
Héli Sécurité Helicopter Airlines,H4
ICAR Airlines,C3
Iberia Airlines,IB
Iberworld,TY
Icelandair,FI
Imair Airlines,IK
Interavia Airlines,ZA
International Business Air,6I
Intersky,3L
Interstate Airline,I4
Islas Airways,IF
Itali Airlines,9X
Izair,H9
JSC Transport Automated Information Systems,1M
Jat Airways,JU
Jetclub,0J
Jet2.com,LS
Jetairfly,JF
Jetclub,0J
Jetx Airlines,GX
KD Avia,KD
KLM Cityhopper,WA
KLM Royal Dutch Airlines,KL
Karat,V2
Kavminvodyavia,KV
Kogalymavia Air Company,7K
Komiinteravia,8J
Krasnojarsky Airlines,7B
Krylo Airlines,K9
Kuban Airlines,GW
Kuzu Airlines Cargo,GO
Kibris T,KY
LOT Polish Airlines,LO
LTE International Airways,XO
LTU Austria,L3
LTU International,LT
Lagun Air,N6
Lauda Air,NG
Livingston,LM
Luftfahrtgesellschaft Walter,HE
Lufthansa,LH
Lufthansa Cargo,LH
Lufthansa CityLine,CL
Lufthansa Systems,L1
Lufttaxi Fluggesellschaft,DV
Lufttransport,L5
Luxair,LG
Lviv Airlines,5V
MAT Macedonian Airlines,IN
MNG Airlines,MB
Maersk,DM
Malmö Aviation,TF
Malta Air Charter,R5
Malév,MA
Mars RK,6V
Martinair,MP
Mavial Magadan Airlines,H5
Maxair,8M
Meridiana,IG
Moldavian Airlines,2M
Monarch Airlines,ZB
Myway Airlines,8I
Montenegro Airlines,YM
Moskovia Airlines,3R
Motor Sich,M9
MyTravel Airways,VZ
Neos,NO
NextJet,2N
Niki,HG
Nordic Regional,6N
North Flying,M3
Norwegian Air Shuttle,DY
Novair,1I
OAG,CR
Ocean Airlines,VC
Olympic Airlines,OA
Omskavia Airline,N3
Onur Air,8Q
Orenburg Airlines,R2
Ostfriesische Lufttransport,OL
PAN Air,PV
Pegasus Airlines,PC
Pegasus Hava Tasimaciligi,1I
Perm Airlines,P9
Phoenix Airways,HP
Polyot Sirena,1U
Portugalia,NI
Private Wings Flugcharter,8W
Redhill Aviation,8L
Rossiya,R4
Royal Air Force,RR
Russian Sky Airlines,P7
Ryanair,FR
Régional,YS
SATA International,S4
Scandinavian Airlines System,SK
S7 Airlines,S7
Sky Express,G3
SATA Air Acores,SP
Sibaviatrans,5M
Skynet Airlines,SI
SITA,XS
Sky Work Airlines,SX
Swedline Express,SM
SwedJet Airways,VD
Sun Air of Scandinavia,EZ
Swiss International Air Lines,LX
Swissair,SR
Swe Fly,WV
Shovkoviy Shlyah,S8
SunExpress,XQ
Silk Way Airlines,ZP
Samara Airlines,E5
SkyEurope,NE
Spanair,JK
Siren-Travel,1H
Sirena,1Q
SNCF,2C
Skyways Express,JZ
Slovak Airlines,6Q
Sterling Airlines,NB
Saratov Aviation Division,6W
Sat Airlines,HZ
Scat Air,DV
Star Air,S6
TAP Portugal,TP
TNT Airways,3V
Thomas Cook Airlines,FQ
Thomas Cook Airlines,MT
Tandem Aero,TQ
Teamline Air,L9
Transeuropean Airlines,UE
Titan Airways,ZT
Turkish Airlines,TK
Twin Jet,T7
Thomsonfly,BY
Transavia Holland,HV
TACV,VR
Transaero Airlines,UN
Tavrey Airlines,T6
Travel Service,QS
Transaviaexport,AL
TUIfly Nordic,6B
Thalys,2H
Tarom,RO
Turan Air,3T
Ural Airlines,U6
UM Airlines,UF
Ukrainian Cargo Airways,6Z
UTair Aviation,UT
Ukraine International Airlines,PS
VIM Airlines,NN
Volga-Dnepr Airlines,VI
Virgin Express,TV
Virgin Atlantic Airways,VS
Volare Airlines,VE
Vueling Airlines,VY
Vladivostok Air,XF
Viaggio Air,VM
VLM Airlines,VG
Welcome Air,2W
West Air Sweden,PT
Widerøe,WF
Wind Jet,IV
Wizz Air,W6
Wizz Air Hungary,8Z
XL Airways France,SE
Yamal Airlines,YL
Zimex Aviation,C4
Sky Express,XW
TUI Airlines Belgium,TB
Braathens,BU
Globus,GH
Air Kazakhstan,9Y
EasyJet (DS),DS
Transavia France,TO
Gomelavia,YD
Red Wings,WZ
TUIfly (X3),11
Kostromskie avialinii,K1
Greenfly,XX
ELK Airways,--
Transport Aérien Transrégional,IJ
Minerva Airlines,N4
Aéris (Priv),SH
Baltic Air lines,B1
Voronezhskie Airlanes,DN
Line Blue,L8
Salzburg arrows,SZ
Zz,ZZ
Air UK,UK
Suckling Airways,CB
Ciao Air,99
Birmingham European,VB
Danube Wings (V5),V5
ALAK,J4
AJT Air International,E9
Bobb Air Freight,01
Star1 Airlines,V9
Alpi Eagles (E8),E8
Island Spirit,IP
Primera Air,PF
Polar Airlines,ЯП
SmartLynx Airlines,6Y
Hellenic Imperial Airways,HT
Amsterdam Airlines,WD
Air Volga,G6
Euroline,4L
Athens Airways,ZF
Viking Hellas,VQ
Starline.kz,DZ
Euro Harmony,EH
Lugansk Airlines,L7
Gadair European Airlines,GP
Falcon Air (IH),IH
NordStar Airlines,Y7
Avianova (Russia),AO
EuropeSky,ES
Homer Air,MR
Court Line,??
Virginwings,YY
KSY,KY
SOCHI AIR,CQ
Wizz Air Ukraine,WU
88,47
LCM AIRLINES,LQ
Royal European Airlines,69
Tom\\'s & co airliners,&T
LSM Airlines,PQ
Air Ops,CR
Aereonautica militare,JY
LSM AIRLINES ,YZ
Aero Lloyd (YP),YP
UTair-Express,UR
Zabaykalskii Airlines,ZP
Marysya Airlines,M4
JobAir,3B
German International Air Lines,GM
Air Hamburg (AHO),HH
ZABAIKAL AIRLINES,Z6
Caucasus Airlines,NS
Serbian Airlines,S1
Air Charter International,SF
CB Airways UK ( Interliging Flights ),1F
KMV,МИ
PEGASUS AIRLINES-,H9
AirLiberté,IJ
TUR Avrupa Hava YollarÄ±,YI
LSM International ,II
Luchsh Airlines ,L4
Air Cargo Germany,6U
Alaniya Airlines,2D
AeroWorld ,W4
Hellenic Airways,1H
Marusya Airways,Y8
AirRussia,R8
I-Fly,H5
T.A.T,IJ
Alinord,DN
VickJet,KT
Polet Airlines (Priv),YQ
MAT Airways,6F
Alitalia Cityliner,CT
Asia Wings,Y5
Copenhagen Express,0X
AirOne Continental,00
AirOne Polska,U1
Aviabus,U1
Iberia Express,I2
AirOnix,OG
Nordic Global Airlines,NJ
Starling Airlines Spain,SX
Hi Fly (5K),5K
Orbit Airlines Azerbaijan,O1
Air Alps Aviation (A6),A6
FlyHigh Airlines Ireland (FH),FH
Aero VIP (2D),2D
SkyWork Airlines ,SX
Maastricht Airlines,W2
CheapFlyingInternational,WL
Aviaexpresscruise,E6
Euro Jet,24
AirOne Atlantic,00
SOCHI AIR CHATER,Q3
Denim Air ,J7
IzAvia,I8
3 Valleys Airlines,3V
MHS Aviation GmbH,M2
GoDutch,GD
Deutsche Luftverkehrsgesellschaft,DW
Gulisano airways,GU
Snowbird Airlines,S8
Kharkiv Airlines,KH
XPTO,XP
Avilu,..
Air Serbia,JU
Air Lituanica,LT
Rainbow Air Euro,RU
Dobrolet,QD
All Europe,N9
All Spain,N7
Regional Air Iceland,9N
British Air Ferries,??
Fly Europa,ER
FlyPortugal,PO
Vuola Italia,4S
SOCHI AIR EXPRESS,Q4
FRA Air,X9
Fly Romania,X5
Wings of England,EX
Norwegian Long Haul AS,DU
International Flying Service,F4
TransRussiaAirlines,1E
Severstal Air Company,D2
REXAIR VIRTUEL,RR
International Europe,9I
VOLOTEA Airways,V7
ROYAL BRITAIN,7V
Аэросервис,АЯ
UVT Aero,UW
Palair Macedonia,3D
Palair Macedonia (3D),3D
GermanXL,GX
Fly France,FF
Europe Jet,EX
Deutsche Luftverkehrsgesellschaft (DLT),DW
BudgetAir,1K
Fly One,F5
Nordica,EE
Dummy,0E
Svyaz Rossiya,7R
