ident,type,name,iata_code,coordinates
BG-JAM,medium_airport,Bezmer Air Base,JAM,"26.3521995544, 42.4548988342"
BIAR,medium_airport,Akureyri Airport,AEY,"-18.07270050048828, 65.66000366210938"
BIKF,large_airport,Keflavik International Airport,KEF,"-22.6056, 63.985001"
BIRK,medium_airport,Reykjavik Airport,RKV,"-21.9405994415, 64.1299972534"
BIVM,medium_airport,Vestmannaeyjar Airport,VEY,"-20.278900146484375, 63.42430114746094"
EBAW,medium_airport,Antwerp International Airport (Deurne),ANR,"4.46027994156, 51.1893997192"
EBBR,large_airport,Brussels Airport,BRU,"4.48443984985, 50.901401519800004"
EBCI,large_airport,Brussels South Charleroi Airport,CRL,"4.45382, 50.459202"
EBKT,medium_airport,Wevelgem Airport,KJK,"3.20472002029, 50.817199707"
EBOS,medium_airport,Ostend-Bruges International Airport,OST,"2.8622200489, 51.198898315399994"
EDAC,medium_airport,Altenburg-Nobitz Airport,AOC,"12.506389, 50.981945"
EDAH,medium_airport,Heringsdorf Airport,HDF,"14.152299881, 53.8787002563"
EDBM,medium_airport,"Magdeburg ""City"" Airport",ZMG,"11.626389, 52.073612"
EDBN,medium_airport,Neubrandenburg Airport,FNB,"13.306, 53.6022"
EDDC,large_airport,Dresden Airport,DRS,"13.767200469970703, 51.1328010559082"
EDDE,medium_airport,Erfurt Airport,ERF,"10.958100318908691, 50.979801177978516"
EDDF,large_airport,Frankfurt am Main Airport,FRA,"8.570556, 50.033333"
EDDH,large_airport,Hamburg Airport,HAM,"9.9882297515869, 53.630401611328"
EDDK,large_airport,Cologne Bonn Airport,CGN,"7.1427397728, 50.8658981323"
EDDM,large_airport,Munich Airport,MUC,"11.7861, 48.353802"
EDDN,large_airport,Nuremberg Airport,NUE,"11.078056, 49.498699"
EDDP,large_airport,Leipzig/Halle Airport,LEJ,"12.236389, 51.423889"
EDDS,large_airport,Stuttgart Airport,STR,"9.22196006775, 48.689899444599995"
EDDT,large_airport,Berlin-Tegel Airport,TXL,"13.2877, 52.5597"
EDDV,large_airport,Hannover Airport,HAJ,"9.685079574580001, 52.461101532"
EDDW,large_airport,Bremen Airport,BRE,"8.78666973114, 53.0475006104"
EDFH,medium_airport,Frankfurt-Hahn Airport,HHN,"7.26389, 49.9487"
EDFM,medium_airport,Mannheim-City Airport,MHG,"8.514167, 49.473057"
EDGE,medium_airport,Eisenach-Kindel Airport,EIB,"10.47973, 50.991604"
EDGS,medium_airport,Siegerland Airport,SGE,"8.082969665527344, 50.707698822021484"
EDHI,medium_airport,Hamburg-Finkenwerder Airport,XFW,"9.835556030273438, 53.5352783203125"
EDHK,medium_airport,Kiel-Holtenau Airport,KEL,"10.145277976989746, 54.37944412231445"
EDJA,medium_airport,Memmingen Allgau Airport,FMM,"10.2395000458, 47.988800048799995"
EDLP,medium_airport,Paderborn Lippstadt Airport,PAD,"8.616319656369999, 51.614101409899995"
EDLV,medium_airport,Weeze Airport,NRN,"6.14216995239, 51.6024017334"
EDLW,large_airport,Dortmund Airport,DTM,"7.61223983765, 51.51829910279999"
EDMA,medium_airport,Augsburg Airport,AGB,"10.931667, 48.425278"
EDMO,medium_airport,Oberpfaffenhofen Airport,OBF,"11.2831, 48.081402"
EDNY,medium_airport,Friedrichshafen Airport,FDH,"9.51148986816, 47.671298980699994"
EDOP,medium_airport,Schwerin Parchim Airport,SZW,"11.7834, 53.426998"
EDQD,medium_airport,Bayreuth Airport,BYU,"11.64, 49.985001"
EDQM,medium_airport,Hof-Plauen Airport,HOQ,"11.856389045715332, 50.288612365722656"
EDSB,large_airport,Karlsruhe Baden-Baden Airport,FKB,"8.08049964905, 48.7793998718"
EDTD,medium_airport,Donaueschingen-Villingen Airport,ZQL,"8.52222156525, 47.97333145139999"
EDTL,medium_airport,Lahr Airport,LHA,"7.82772016525, 48.3693008423"
EDVE,medium_airport,Braunschweig-Wolfsburg Airport,BWE,"10.5561, 52.319199"
EDVK,medium_airport,Kassel-Calden Airport,KSF,"9.384967, 51.417273"
EDXW,medium_airport,Westerland Sylt Airport,GWT,"8.34047031403, 54.9132003784"
EEKE,medium_airport,Kuressaare Airport,URE,"22.50950050354004, 58.22990036010742"
EETN,large_airport,Lennart Meri Tallinn Airport,TLL,"24.832799911499997, 59.41329956049999"
EETU,medium_airport,Tartu Airport,TAY,"26.690399169900004, 58.3074989319"
EFET,medium_airport,Enontekio Airport,ENF,"23.424299240112, 68.362602233887"
EFHA,medium_airport,Halli Airport,KEV,"24.786686, 61.856039"
EFHF,medium_airport,Helsinki Malmi Airport,HEM,"25.042800903320312, 60.254600524902344"
EFHK,large_airport,Helsinki Vantaa Airport,HEL,"24.963300704956, 60.317199707031"
EFIT,medium_airport,Kitee Airport,KTQ,"30.073601, 62.1661"
EFIV,medium_airport,Ivalo Airport,IVL,"27.405300140381, 68.607299804688"
EFJO,medium_airport,Joensuu Airport,JOE,"29.607500076294, 62.662899017334"
EFJY,medium_airport,Jyvaskyla Airport,JYV,"25.678300857544, 62.399501800537"
EFKA,medium_airport,Kauhava Airport,KAU,"23.051399, 63.127102"
EFKE,medium_airport,Kemi-Tornio Airport,KEM,"24.582099914551, 65.778701782227"
EFKI,medium_airport,Kajaani Airport,KAJ,"27.692399978638, 64.285499572754"
EFKJ,medium_airport,Kauhajoki Airport,KHJ,"22.3931007385, 62.4625015259"
EFKK,medium_airport,Kokkola-Pietarsaari Airport,KOK,"23.143100738525, 63.721199035645"
EFKS,medium_airport,Kuusamo Airport,KAO,"29.239400863647, 65.987602233887"
EFKU,medium_airport,Kuopio Airport,KUO,"27.797800064087, 63.007099151611"
EFLP,medium_airport,Lappeenranta Airport,LPP,"28.144743, 61.044601"
EFMA,medium_airport,Mariehamn Airport,MHQ,"19.898199081421, 60.122200012207"
EFMI,medium_airport,Mikkeli Airport,MIK,"27.201799, 61.6866"
EFOU,medium_airport,Oulu Airport,OUL,"25.354600906372, 64.930099487305"
EFPO,medium_airport,Pori Airport,POR,"21.799999237061, 61.461700439453"
EFRO,medium_airport,Rovaniemi Airport,RVN,"25.830400466919, 66.564796447754"
EFSA,medium_airport,Savonlinna Airport,SVL,"28.945100784302, 61.943099975586"
EFSO,medium_airport,Sodankyla Airport,SOT,"26.6191005707, 67.3949966431"
EFTP,medium_airport,Tampere-Pirkkala Airport,TMP,"23.604400634766, 61.414100646973"
EFTU,medium_airport,Turku Airport,TKU,"22.262800216675, 60.514099121094"
EFUT,medium_airport,Utti Air Base,UTI,"26.938400268555, 60.89640045166"
EFVA,medium_airport,Vaasa Airport,VAA,"21.762199401855, 63.050701141357"
EFVR,medium_airport,Varkaus Airport,VRK,"27.868600845337, 62.171100616455"
EFYL,medium_airport,Ylivieska Airfield,YLI,"24.7252778, 64.0547222"
EGAA,large_airport,Belfast International Airport,BFS,"-6.2158298492399995, 54.6575012207"
EGAB,medium_airport,St Angelo Airport,ENK,"-7.651669979095459, 54.39889907836914"
EGAC,large_airport,George Best Belfast City Airport,BHD,"-5.872499942779541, 54.618099212646484"
EGAE,medium_airport,City of Derry Airport,LDY,"-7.161109924316406, 55.04280090332031"
EGBB,large_airport,Birmingham International Airport,BHX,"-1.74802994728, 52.453899383499994"
EGBE,medium_airport,Coventry Airport,CVT,"-1.4797199964499999, 52.3697013855"
EGBJ,medium_airport,Gloucestershire Airport,GLO,"-2.167220115661621, 51.89419937133789"
EGBN,medium_airport,Nottingham Airport,NQT,"-1.0791699886322021, 52.91999816894531"
EGCC,large_airport,Manchester Airport,MAN,"-2.2749500274658203, 53.35369873046875"
EGCN,large_airport,Robin Hood Doncaster Sheffield Airport,DSA,"-1.01065635681, 53.4805378105"
EGDY,medium_airport,RNAS Yeovilton,YEO,"-2.638819932937622, 51.0093994140625"
EGEC,medium_airport,Campbeltown Airport,CAL,"-5.686389923095703, 55.437198638916016"
EGED,medium_airport,Eday Airport,EOI,"-2.7722198963165283, 59.19060134887695"
EGEF,medium_airport,Fair Isle Airport,FIE,"-1.628059983253479, 59.53580093383789"
EGFE,medium_airport,Haverfordwest Airport,HAW,"-4.9611101150512695, 51.833099365234375"
EGFF,large_airport,Cardiff International Airport,CWL,"-3.343329906463623, 51.39670181274414"
EGFH,medium_airport,Swansea Airport,SWS,"-4.0678300857543945, 51.60530090332031"
EGGD,large_airport,Bristol Airport,BRS,"-2.71909, 51.382702"
EGGP,large_airport,Liverpool John Lennon Airport,LPL,"-2.849720001220703, 53.33359909057617"
EGGW,large_airport,London Luton Airport,LTN,"-0.36833301186561584, 51.874698638916016"
EGHC,medium_airport,Land's End Airport,LEQ,"-5.67056, 50.102798"
EGHE,medium_airport,St. Mary's Airport,ISC,"-6.291669845581055, 49.913299560546875"
EGHH,large_airport,Bournemouth Airport,BOH,"-1.8424999713897705, 50.779998779296875"
EGHI,large_airport,Southampton Airport,SOU,"-1.3567999601364136, 50.95029830932617"
EGHQ,medium_airport,Newquay Cornwall Airport,NQY,"-4.995409965515137, 50.44060134887695"
EGJA,medium_airport,Alderney Airport,ACI,"-2.21472, 49.706104"
EGJB,medium_airport,Guernsey Airport,GCI,"-2.6019699573516846, 49.435001373291016"
EGJJ,medium_airport,Jersey Airport,JER,"-2.195509910583496, 49.20790100097656"
EGKA,medium_airport,Shoreham Airport,ESH,"-0.297222, 50.835602"
EGKB,medium_airport,London Biggin Hill Airport,BQH,"0.0324999988079, 51.33079910279999"
EGKK,large_airport,London Gatwick Airport,LGW,"-0.190278, 51.148102"
EGLC,medium_airport,London City Airport,LCY,"0.055278, 51.505299"
EGLF,medium_airport,Farnborough Airport,FAB,"-0.776332974434, 51.2757987976"
EGLK,medium_airport,Blackbushe Airport,BBS,"-0.8475000262260437, 51.32389831542969"
EGLL,large_airport,London Heathrow Airport,LHR,"-0.461941, 51.4706"
EGMC,medium_airport,Southend Airport,SEN,"0.6955559849739075, 51.5713996887207"
EGMD,medium_airport,Lydd Airport,LYX,"0.9391670227050781, 50.95610046386719"
EGNC,medium_airport,Carlisle Airport,CAX,"-2.8091700077056885, 54.9375"
EGNH,medium_airport,Blackpool International Airport,BLK,"-3.0286099910736084, 53.77170181274414"
EGNJ,medium_airport,Humberside Airport,HUY,"-0.350832998752594, 53.57440185546875"
EGNL,medium_airport,Barrow Walney Island Airport,BWF,"-3.2675, 54.1286111"
EGNM,large_airport,Leeds Bradford Airport,LBA,"-1.6605700254440308, 53.86589813232422"
EGNO,medium_airport,Warton Aerodrome,WRT,"-2.88306, 53.745098"
EGNR,medium_airport,Hawarden Airport,CEG,"-2.9777801036834717, 53.1781005859375"
EGNS,medium_airport,Isle of Man Airport,IOM,"-4.623889923095703, 54.08330154418945"
EGNT,large_airport,Newcastle Airport,NCL,"-1.6916699409484863, 55.037498474121094"
EGNV,medium_airport,Durham Tees Valley Airport,MME,"-1.4294099807739258, 54.50920104980469"
EGNX,large_airport,East Midlands Airport,EMA,"-1.32806003094, 52.8311004639"
EGOV,medium_airport,Anglesey Airport,VLY,"-4.53533983231, 53.2481002808"
EGPA,medium_airport,Kirkwall Airport,KOI,"-2.9049999713897705, 58.957801818847656"
EGPB,medium_airport,Sumburgh Airport,LSI,"-1.2955600023269653, 59.87889862060547"
EGPC,medium_airport,Wick Airport,WIC,"-3.09306001663208, 58.458900451660156"
EGPD,large_airport,Aberdeen Dyce Airport,ABZ,"-2.197779893875122, 57.201900482177734"
EGPE,medium_airport,Inverness Airport,INV,"-4.047500133514404, 57.54249954223633"
EGPF,large_airport,Glasgow International Airport,GLA,"-4.43306, 55.871899"
EGPH,large_airport,Edinburgh Airport,EDI,"-3.372499942779541, 55.95000076293945"
EGPI,medium_airport,Islay Airport,ILY,"-6.256669998168945, 55.68190002441406"
EGPK,medium_airport,Glasgow Prestwick Airport,PIK,"-4.586669921875, 55.5093994140625"
EGPL,medium_airport,Benbecula Airport,BEB,"-7.3627800941467285, 57.48109817504883"
EGPM,medium_airport,Scatsta Airport,SCS,"-1.2961100339889526, 60.43280029296875"
EGPN,medium_airport,Dundee Airport,DND,"-3.025830030441284, 56.45249938964844"
EGPO,medium_airport,Stornoway Airport,SYY,"-6.331110000610352, 58.215599060058594"
EGPR,medium_airport,Barra Airport,BRR,"-7.44306, 57.0228"
EGPU,medium_airport,Tiree Airport,TRE,"-6.869170188903809, 56.49919891357422"
EGQK,medium_airport,RAF Kinloss,FSS,"-3.56064009666, 57.6493988037"
EGQL,medium_airport,RAF Leuchars,ADX,"-2.8684399127960205, 56.37289810180664"
EGQS,medium_airport,RAF Lossiemouth,LMO,"-3.339169979095459, 57.7052001953125"
EGSC,medium_airport,Cambridge Airport,CBG,"0.175, 52.205002"
EGSH,large_airport,Norwich International Airport,NWI,"1.28278005123, 52.6758003235"
EGSS,large_airport,London Stansted Airport,STN,"0.234999999404, 51.8849983215"
EGTE,large_airport,Exeter International Airport,EXT,"-3.4138898849487305, 50.73440170288086"
EGTK,medium_airport,Oxford (Kidlington) Airport,OXF,"-1.32000005245, 51.8368988037"
EGUB,medium_airport,RAF Benson,BEX,"-1.09582996368, 51.616401672399995"
EGUL,large_airport,RAF Lakenheath,LKZ,"0.56099998951, 52.409301757799994"
EGUN,large_airport,RAF Mildenhall,MHZ,"0.48640599846839905, 52.361900329589844"
EGUY,medium_airport,RAF Wyton,QUY,"-0.107832998037, 52.3572006226"
EGVA,large_airport,RAF Fairford,FFD,"-1.7900300025900002, 51.6822013855"
EGVN,large_airport,RAF Brize Norton,BZZ,"-1.58362, 51.75"
EGVO,medium_airport,RAF Odiham,ODH,"-0.94282501936, 51.2341003418"
EGWU,medium_airport,RAF Northolt,NHT,"-0.418166995049, 51.553001403799996"
EGXC,medium_airport,RAF Coningsby,QCY,"-0.166014000773, 53.0929985046"
EGXH,medium_airport,RAF Honington,BEQ,"0.7729390263557434, 52.34260177612305"
EGXP,medium_airport,RAF Scampton,SQZ,"-0.550832986832, 53.307800293"
EGXU,medium_airport,RAF Linton-On-Ouse,HRT,"-1.2527500391, 54.0489006042"
EGXW,medium_airport,RAF Waddington,WTN,"-0.523810982704, 53.1661987305"
EGYM,medium_airport,RAF Marham,KNF,"0.550692, 52.648395"
EHAM,large_airport,Amsterdam Airport Schiphol,AMS,"4.76389, 52.308601"
EHBK,medium_airport,Maastricht Aachen Airport,MST,"5.77014, 50.911701"
EHEH,large_airport,Eindhoven Airport,EIN,"5.37452983856, 51.4500999451"
EHGG,medium_airport,Eelde Airport,GRQ,"6.57944011688, 53.1197013855"
EHGR,medium_airport,Gilze Rijen Air Base,GLZ,"4.931829929351807, 51.56740188598633"
EHKD,medium_airport,De Kooy Airport,DHR,"4.780620098114014, 52.92340087890625"
EHLE,medium_airport,Lelystad Airport,LEY,"5.52722, 52.4603"
EHLW,medium_airport,Leeuwarden Air Base,LWR,"5.760560035705566, 53.228599548339844"
EHRD,medium_airport,Rotterdam The Hague Airport,RTM,"4.43722, 51.956902"
EHTW,medium_airport,Twente Airport,ENS,"6.889167, 52.275833"
EHWO,medium_airport,Woensdrecht Air Base,WOE,"4.34203, 51.4491"
EICK,large_airport,Cork Airport,ORK,"-8.491109848022461, 51.84130096435547"
EICM,medium_airport,Galway Airport,GWY,"-8.941590309143066, 53.300201416015625"
EIDL,medium_airport,Donegal Airport,CFN,"-8.340999603271484, 55.0442008972168"
EIDW,large_airport,Dublin Airport,DUB,"-6.27007, 53.421299"
EIKN,medium_airport,Ireland West Knock Airport,NOC,"-8.818490028381348, 53.910301208496094"
EIKY,medium_airport,Kerry Airport,KIR,"-9.52377986907959, 52.18090057373047"
EINN,large_airport,Shannon Airport,SNN,"-8.92482, 52.702"
EISG,medium_airport,Sligo Airport,SXL,"-8.5992097854614, 54.280200958252"
EIWF,medium_airport,Waterford Airport,WAT,"-7.0869598388671875, 52.187198638916016"
EKAH,medium_airport,Aarhus Airport,AAR,"10.619000434899998, 56.2999992371"
EKBI,large_airport,Billund Airport,BLL,"9.15178012848, 55.7402992249"
EKCH,large_airport,Copenhagen Kastrup Airport,CPH,"12.656000137329, 55.617900848389"
EKEB,medium_airport,Esbjerg Airport,EBJ,"8.5534, 55.525902"
EKKA,medium_airport,Karup Airport,KRP,"9.124629974365234, 56.29750061035156"
EKMB,medium_airport,Lolland Falster Maribo Airport,MRW,"11.4401, 54.699299"
EKOD,medium_airport,Odense Airport,ODE,"10.330900192260742, 55.47669982910156"
EKRK,medium_airport,Copenhagen Roskilde Airport,RKE,"12.131400108337402, 55.585601806640625"
EKRN,medium_airport,Bornholm Airport,RNN,"14.759599685668945, 55.06330108642578"
EKSN,medium_airport,Sindal Airport,CNL,"10.2294, 57.503502"
EKSP,medium_airport,Skrydstrup Air Base,SKS,"9.26702, 55.221048"
EKSV,medium_airport,Skive Airport,SQW,"9.172980308532715, 56.550201416015625"
EKTS,medium_airport,Thisted Airport,TED,"8.705220222473145, 57.06880187988281"
EKVG,medium_airport,Vagar Airport,FAE,"-7.277219772338867, 62.0635986328125"
EKVJ,medium_airport,Stauning Airport,STA,"8.353910446166992, 55.9901008605957"
EKYT,large_airport,Aalborg Airport,AAL,"9.84924316406, 57.0927589138"
ELLX,large_airport,Luxembourg-Findel International Airport,LUX,"6.2044444, 49.6233333"
ENAT,medium_airport,Alta Airport,ALF,"23.371700286865, 69.976097106934"
ENBR,large_airport,Bergen Airport Flesland,BGO,"5.218140125, 60.29339981"
ENCN,medium_airport,Kristiansand Airport,KRS,"8.08537, 58.204201"
ENDU,medium_airport,Bardufoss Airport,BDU,"18.540399551392, 69.055801391602"
ENEV,medium_airport,"Harstad/Narvik Airport, Evenes",EVE,"16.678100585938, 68.491302490234"
ENFG,medium_airport,Leirin Airport,VDB,"9.2880601882935, 61.015598297119"
ENGM,large_airport,Oslo Gardermoen Airport,OSL,"11.100399971008, 60.193901062012"
ENHD,medium_airport,Haugesund Airport,HAU,"5.2083601951599, 59.34529876709"
ENHF,medium_airport,Hammerfest Airport,HFT,"23.668600082397, 70.679702758789"
ENHV,medium_airport,Valan Airport,HVG,"25.983600616455, 71.009696960449"
ENKB,medium_airport,Kristiansund Airport (Kvernberget),KSU,"7.824520111084, 63.111801147461"
ENLK,medium_airport,Leknes Airport,LKN,"13.609399795532, 68.152496337891"
ENMH,medium_airport,Mehamn Airport,MEH,"27.826700210571, 71.02970123291"
ENML,medium_airport,Molde Airport,MOL,"7.2624998092651, 62.744701385498"
ENNA,medium_airport,Banak Airport,LKL,"24.973499298096, 70.068801879883"
ENNK,medium_airport,Narvik Framnes Airport,NVK,"17.386699676514, 68.436897277832"
ENNO,medium_airport,Notodden Airport,NTB,"9.21222, 59.565701"
ENRY,medium_airport,"Moss Airport, Rygge",RYG,"10.785439, 59.378817"
ENSB,medium_airport,"Svalbard Airport, Longyear",LYR,"15.465600013733, 78.246101379395"
ENSK,medium_airport,Stokmarknes Skagen Airport,SKN,"15.033416748047, 68.578826904297"
ENSN,medium_airport,Skien Airport,SKE,"9.566940307617188, 59.185001373291016"
ENSO,medium_airport,Stord Airport,SRP,"5.340849876403809, 59.791900634765625"
ENTO,medium_airport,"Sandefjord Airport, Torp",TRF,"10.258600235, 59.1866989136"
ENZV,large_airport,Stavanger Airport Sola,SVG,"5.6377801895, 58.876701354"
EPBY,medium_airport,Bydgoszcz Ignacy Jan Paderewski Airport,BZG,"17.9776992798, 53.096801757799994"
EPKT,large_airport,Katowice International Airport,KTW,"19.08, 50.4743"
EPMO,large_airport,Modlin Airport,WMI,"20.6518, 52.451099"
EPOK,medium_airport,Oksywie Military Air Base,QYD,"18.51720047, 54.57970047"
EPRA,medium_airport,Radom Airport,RDO,"21.213300705, 51.3891983032"
EPSY,medium_airport,Olsztyn-Mazury Airport,SZY,"20.9377, 53.481899"
EPWA,large_airport,Warsaw Chopin Airport,WAW,"20.967100143399996, 52.1656990051"
ESDF,medium_airport,Ronneby Airport,RNB,"15.265000343323, 56.266700744629"
ESGG,large_airport,Gothenburg-Landvetter Airport,GOT,"12.279800415039, 57.662799835205"
ESGP,medium_airport,Gothenburg City Airport,GSE,"11.8704, 57.7747"
ESKK,medium_airport,Karlskoga Airport,KSK,"14.49590015411377, 59.34590148925781"
ESKM,medium_airport,Mora Airport,MXX,"14.5114, 60.957901"
ESKN,medium_airport,Stockholm Skavsta Airport,NYO,"16.912200927734375, 58.78860092163086"
ESMK,medium_airport,Kristianstad Airport,KID,"14.08549976348877, 55.92169952392578"
ESMQ,medium_airport,Kalmar Airport,KLR,"16.287599563598633, 56.68550109863281"
ESMT,medium_airport,Halmstad Airport,HAD,"12.820199966430664, 56.69110107421875"
ESND,medium_airport,Sveg Airport,EVG,"14.422900199890137, 62.04779815673828"
ESNL,medium_airport,Lycksele Airport,LYC,"18.71619987487793, 64.54830169677734"
ESNQ,medium_airport,Kiruna Airport,KRN,"20.336799621582, 67.821998596191"
ESNV,medium_airport,Vilhelmina Airport,VHM,"16.833599090576172, 64.5791015625"
ESNX,medium_airport,Arvidsjaur Airport,AJR,"19.28190040588379, 65.59030151367188"
ESOH,medium_airport,Hagfors Airport,HFS,"13.578900337219238, 60.02009963989258"
ESOK,medium_airport,Karlstad Airport,KSD,"13.337400436400001, 59.444698333699996"
ESSA,large_airport,Stockholm-Arlanda Airport,ARN,"17.918600082397, 59.651901245117"
ESSB,medium_airport,Stockholm-Bromma Airport,BMA,"17.941699981689453, 59.354400634765625"
ESSD,medium_airport,Borlange Airport,BLE,"15.515199661254883, 60.422000885009766"
ESST,medium_airport,Torsby Airport,TYF,"12.991299629199998, 60.1576004028"
ESSU,medium_airport,Eskilstuna Airport,EKT,"16.70840072631836, 59.35110092163086"
ESSV,medium_airport,Visby Airport,VBY,"18.346200942993, 57.662799835205"
ESUD,medium_airport,Storuman Airport,SQO,"17.69659996032715, 64.96089935302734"
ESUP,medium_airport,Pajala Airport,PJA,"23.068899154663086, 67.24559783935547"
ESUT,medium_airport,Hemavan Airport,HMV,"15.0828, 65.806099"
ETAD,medium_airport,Spangdahlem Air Base,SPM,"6.69250011444, 49.9726982117"
ETAR,large_airport,Ramstein Air Base,RMS,"7.600279808044434, 49.4369010925293"
ETHF,medium_airport,Fritzlar Army Airfield,FRZ,"9.286, 51.1146"
ETMN,medium_airport,Nordholz Naval Airbase,FCN,"8.658499717709999, 53.7677001953"
ETNG,medium_airport,Geilenkirchen Air Base,GKE,"6.04242, 50.9608"
ETNL,medium_airport,Rostock-Laage Airport,RLG,"12.278300285299999, 53.9182014465"
ETNS,medium_airport,Schleswig Air Base,WBG,"9.51633, 54.459301"
ETOU,medium_airport,Wiesbaden Army Airfield,WIE,"8.325400352478027, 50.049800872802734"
ETSI,medium_airport,Ingolstadt Manching Airport,IGS,"11.534000396728516, 48.7156982421875"
EVDA,medium_airport,Daugavpils Intrenational Airport,DGP,"26.6650009155, 55.944721221900004"
EVRA,large_airport,Riga International Airport,RIX,"23.971099853515625, 56.92359924316406"
EVVA,medium_airport,Ventspils International Airport,VNT,"21.5442008972, 57.35779953"
EYKA,medium_airport,Kaunas International Airport,KUN,"24.084800720214844, 54.96390151977539"
EYPA,medium_airport,Palanga International Airport,PLQ,"21.093900680541992, 55.973201751708984"
EYVI,large_airport,Vilnius International Airport,VNO,"25.285801, 54.634102"
GB-OUK,medium_airport,Outer Skerries Airport,OUK,"-0.75, 60.4252"
GCFV,medium_airport,Fuerteventura Airport,FUE,"-13.863800048828125, 28.452699661254883"
GCHI,medium_airport,Hierro Airport,VDE,"-17.887100219726562, 27.814800262451172"
GCLA,large_airport,La Palma Airport,SPC,"-17.7556, 28.626499"
GCLP,large_airport,Gran Canaria Airport,LPA,"-15.38659954071045, 27.931900024414062"
GCRR,medium_airport,Lanzarote Airport,ACE,"-13.6052, 28.945499"
GCTS,large_airport,Tenerife South Airport,TFS,"-16.5725002289, 28.044500351"
GCXO,large_airport,Tenerife Norte Airport,TFN,"-16.3414993286, 28.4827003479"
GEML,medium_airport,Melilla Airport,MLN,"-2.9562599659, 35.279800415"
LATI,large_airport,Tirana International Airport Mother Teresa,TIA,"19.7206001282, 41.4146995544"
LBBG,large_airport,Burgas Airport,BOJ,"27.515199661254883, 42.56959915161133"
LBGO,medium_airport,Gorna Oryahovitsa Airport,GOZ,"25.712900161743164, 43.15140151977539"
LBPD,medium_airport,Plovdiv International Airport,PDV,"24.8508, 42.067799"
LBSF,large_airport,Sofia Airport,SOF,"23.411436080932617, 42.696693420410156"
LBWN,large_airport,Varna Airport,VAR,"27.8251, 43.232101"
LCRA,large_airport,RAF Akrotiri,AKT,"32.9879, 34.590401"
LDDU,medium_airport,Dubrovnik Airport,DBV,"18.268199920654297, 42.5614013671875"
LDOS,medium_airport,Osijek Airport,OSI,"18.810199737548828, 45.46269989013672"
LDPL,medium_airport,Pula Airport,PUY,"13.922200202941895, 44.89350128173828"
LDRI,medium_airport,Rijeka Airport,RJK,"14.570300102233887, 45.21689987182617"
LDSB,medium_airport,Bol Airport,BWK,"16.67970085144043, 43.285701751708984"
LDSP,medium_airport,Split Airport,SPU,"16.29800033569336, 43.53889846801758"
LDZA,large_airport,Zagreb Airport,ZAG,"16.0687999725, 45.7429008484"
LDZD,medium_airport,Zadar Airport,ZAD,"15.3467, 44.108299"
LEAB,medium_airport,Albacete-Los Llanos Airport,ABC,"-1.8635200262099998, 38.9485015869"
LEAL,large_airport,Alicante International Airport,ALC,"-0.5581560134887695, 38.28219985961914"
LEAS,medium_airport,Asturias Airport,OVD,"-6.0346198081970215, 43.5635986328125"
LEBB,medium_airport,Bilbao Airport,BIO,"-2.9106099605560303, 43.30110168457031"
LEBG,medium_airport,Burgos Airport,RGS,"-3.62076, 42.357601"
LEBL,large_airport,Barcelona International Airport,BCN,"2.07846, 41.2971"
LEBZ,medium_airport,Badajoz Airport,BJZ,"-6.8213300704956055, 38.891300201416016"
LECU,medium_airport,Cuatro Vientos Airport,ECV,"-3.78514, 40.370701"
LEDA,medium_airport,Lleida-Alguaire Airport,ILD,"0.535023, 41.728185"
LEGE,medium_airport,Girona Airport,GRO,"2.7605500221, 41.901000977"
LEGR,medium_airport,Federico Garcia Lorca Airport,GRX,"-3.777359962463379, 37.18870162963867"
LEIB,medium_airport,Ibiza Airport,IBZ,"1.3731199502899998, 38.872898101800004"
LEJR,medium_airport,Jerez Airport,XRY,"-6.060110092163086, 36.744598388671875"
LELC,medium_airport,San Javier Airport,MJV,"-0.8123890161514282, 37.775001525878906"
LELN,medium_airport,Leon Airport,LEN,"-5.65556001663208, 42.5890007019043"
LEMH,medium_airport,Menorca Airport,MAH,"4.218649864196777, 39.86259841918945"
LEMO,medium_airport,Moron Air Base,OZP,"-5.615940093994141, 37.17490005493164"
LEPA,large_airport,Palma De Mallorca Airport,PMI,"2.73881006241, 39.551700592"
LEPP,medium_airport,Pamplona Airport,PNA,"-1.6463299989700317, 42.77000045776367"
LERS,medium_airport,Reus Air Base,REU,"1.1671700477600098, 41.14739990234375"
LERT,medium_airport,Rota Naval Station Airport,ROZ,"-6.34946012497, 36.645198822"
LESA,medium_airport,Salamanca Airport,SLM,"-5.501989841461182, 40.95209884643555"
LESO,medium_airport,San Sebastian Airport,EAS,"-1.7906099557876587, 43.35649871826172"
LEST,large_airport,Santiago de Compostela Airport,SCQ,"-8.415140151977539, 42.89630126953125"
LETL,medium_airport,Teruel Airport,TEV,"-1.2183, 40.403"
LEVC,medium_airport,Valencia Airport,VLC,"-0.481625, 39.4893"
LEVD,medium_airport,Valladolid Airport,VLL,"-4.85194015503, 41.7061004639"
LEVT,medium_airport,Vitoria/Foronda Airport,VIT,"-2.7244699001312256, 42.8828010559082"
LEVX,medium_airport,Vigo Airport,VGO,"-8.62677001953125, 42.2318000793457"
LEXJ,medium_airport,Santander Airport,SDR,"-3.82000994682312, 43.427101135253906"
LEZG,medium_airport,Zaragoza Air Base,ZAZ,"-1.0415500402450562, 41.66619873046875"
LEZL,medium_airport,Sevilla Airport,SVQ,"-5.8931097984313965, 37.417999267578125"
LFAC,medium_airport,Calais-Dunkerque Airport,CQF,"1.954759955406189, 50.962100982666016"
LFAV,medium_airport,Valenciennes-Denain Airport,XVS,"3.46126, 50.325802"
LFBA,medium_airport,Agen-La Garenne Airport,AGF,"0.5905560255050659, 44.17470169067383"
LFBI,medium_airport,Poitiers-Biard Airport,PIS,"0.30666598677635193, 46.58769989013672"
LFBL,medium_airport,Limoges Airport,LIG,"1.1794400215148926, 45.86280059814453"
LFBO,large_airport,Toulouse-Blagnac Airport,TLS,"1.36382, 43.629101"
LFBZ,medium_airport,Biarritz-Anglet-Bayonne Airport,BIQ,"-1.5311111, 43.4683333"
LFCC,medium_airport,Cahors-Lalbenque Airport,ZAO,"1.4752800464630127, 44.35139846801758"
LFCK,medium_airport,Castres-Mazamet Airport,DCM,"2.289180040359497, 43.55630111694336"
LFCR,medium_airport,Rodez-Marcillac Airport,RDZ,"2.4826700687408447, 44.407901763916016"
LFDN,medium_airport,Rochefort-Saint-Agnant (BA 721) Airport,RCO,"-0.9830560088157654, 45.88779830932617"
LFGA,medium_airport,Colmar-Houssen Airport,CMR,"7.359010219573975, 48.109901428222656"
LFGJ,medium_airport,Dole-Tavaux Airport,DLE,"5.435063, 47.042686"
LFHP,medium_airport,Le Puy-Loudes Airport,LPY,"3.762890100479126, 45.0806999206543"
LFJL,medium_airport,Metz-Nancy-Lorraine Airport,ETZ,"6.25131988525, 48.9821014404"
LFJR,medium_airport,Angers-Loire Airport,ANE,"-0.312222, 47.560299"
LFKB,medium_airport,Bastia-Poretta Airport,BIA,"9.48373031616211, 42.55270004272461"
LFKC,medium_airport,Calvi-Sainte-Catherine Airport,CLY,"8.7930556, 42.5244444"
LFKF,medium_airport,Figari Sud-Corse Airport,FSC,"9.097780227661133, 41.5005989074707"
LFKS,medium_airport,Solenzara (BA 126) Air Base,SOZ,"9.406000137329102, 41.924400329589844"
LFLA,medium_airport,Auxerre-Branches Airport,AUF,"3.497109889984131, 47.85020065307617"
LFLC,medium_airport,Clermont-Ferrand Auvergne Airport,CFE,"3.1691699028, 45.7867012024"
LFLD,medium_airport,Bourges Airport,BOU,"2.3702800273895264, 47.058101654052734"
LFLI,medium_airport,Annemasse Airport,QNJ,"6.268390178680001, 46.1920013428"
LFLN,medium_airport,Saint-Yan Airport,SYT,"4.0132598876953125, 46.412498474121094"
LFLO,medium_airport,Roanne-Renaison Airport,RNE,"4.001389980316162, 46.05830001831055"
LFLP,medium_airport,Annecy-Haute-Savoie-Mont Blanc Airport,NCY,"6.1063889, 45.9308333"
LFLU,medium_airport,Valence-Chabeuil Airport,VAF,"4.9699, 44.9216"
LFLV,medium_airport,Vichy-Charmeil Airport,VHY,"3.4037399291992188, 46.169700622558594"
LFLW,medium_airport,Aurillac Airport,AUR,"2.4219400882720947, 44.89139938354492"
LFLY,medium_airport,Lyon-Bron Airport,LYN,"4.944270133972168, 45.72719955444336"
LFMD,medium_airport,Cannes-Mandelieu Airport,CEQ,"6.95348, 43.542"
LFMK,medium_airport,Carcassonne Airport,CCF,"2.3063199520111084, 43.215999603271484"
LFML,large_airport,Marseille Provence Airport,MRS,"5.22142410278, 43.439271922"
LFMO,medium_airport,Orange-Caritat (BA 115) Air Base,XOG,"4.866720199584961, 44.140499114990234"
LFMQ,medium_airport,Le Castellet Airport,CTT,"5.785190105438232, 43.252498626708984"
LFMV,medium_airport,Avignon-Caumont Airport,AVN,"4.901830196380615, 43.90729904174805"
LFNB,medium_airport,Mende-Brenoux Airfield,MEN,"3.53282, 44.502102"
LFOH,medium_airport,Le Havre Octeville Airport,LEH,"0.08805599808692932, 49.53390121459961"
LFOP,medium_airport,Rouen Airport,URO,"1.1748000383377075, 49.38420104980469"
LFOT,medium_airport,Tours-Val-de-Loire Airport,TUF,"0.727605998516, 47.4322013855"
LFOU,medium_airport,Cholet Le Pontreau Airport,CET,"-0.8770639896392822, 47.08209991455078"
LFOV,medium_airport,Laval-Entrammes Airport,LVA,"-0.7429860234260559, 48.03139877319336"
LFPB,medium_airport,Paris-Le Bourget Airport,LBG,"2.441390037536621, 48.969398498535156"
LFPC,medium_airport,Creil Air Base,CSF,"2.5191400051116943, 49.253501892089844"
LFPG,large_airport,Charles de Gaulle International Airport,CDG,"2.55, 49.012798"
LFPN,medium_airport,Toussus-le-Noble Airport,TNF,"2.1061899662017822, 48.75189971923828"
LFPO,large_airport,Paris-Orly Airport,ORY,"2.3794444, 48.7233333"
LFQG,medium_airport,Nevers-Fourchambault Airport,NVS,"3.1133298873901367, 47.002601623535156"
LFQQ,medium_airport,Lille-Lesquin Airport,LIL,"3.086886, 50.563332"
LFQT,medium_airport,Merville-Calonne Airport,HZB,"2.642240047454834, 50.61840057373047"
LFRB,medium_airport,Brest Bretagne Airport,BES,"-4.418540000915527, 48.447898864746094"
LFRC,medium_airport,Cherbourg-Maupertus Airport,CER,"-1.4702800512313843, 49.65010070800781"
LFRD,medium_airport,Dinard-Pleurtuit-Saint-Malo Airport,DNR,"-2.0799601078033447, 48.58769989013672"
LFRE,medium_airport,La Baule-Escoublac Airport,LBY,"-2.3463900089263916, 47.289398193359375"
LFRF,medium_airport,Granville Airport,GFR,"-1.564170002937317, 48.88309860229492"
LFRG,medium_airport,Deauville-Saint-Gatien Airport,DOL,"0.154305994511, 49.3652992249"
LFRH,medium_airport,Lorient South Brittany (Bretagne Sud) Airport,LRT,"-3.440000057220459, 47.76060104370117"
LFRI,medium_airport,La Roche-sur-Yon Airport,EDM,"-1.3786300420761108, 46.701900482177734"
LFRJ,medium_airport,Landivisiau Air Base,LDV,"-4.151639938354492, 48.53030014038086"
LFRK,medium_airport,Caen-Carpiquet Airport,CFR,"-0.44999998807907104, 49.173301696777344"
LFRM,medium_airport,Le Mans-Arnage Airport,LME,"0.20166699588298798, 47.94860076904297"
LFRN,medium_airport,Rennes-Saint-Jacques Airport,RNS,"-1.73479, 48.0695"
LFRQ,medium_airport,Quimper-Cornouaille Airport,UIP,"-4.167789936065674, 47.974998474121094"
LFRS,medium_airport,Nantes Atlantique Airport,NTE,"-1.61073005199, 47.153198242200006"
LFRT,medium_airport,Saint-Brieuc-Armor Airport,SBK,"-2.85444, 48.5378"
LFRU,medium_airport,Morlaix-Ploujean Airport,MXN,"-3.81577992439, 48.6031990051"
LFRV,medium_airport,Vannes-Meucon Airport,VNE,"-2.718559980392456, 47.72330093383789"
LFRZ,medium_airport,Saint-Nazaire-Montoir Airport,SNR,"-2.1566667, 47.3105556"
LFSB,large_airport,EuroAirport Basel-Mulhouse-Freiburg Airport,BSL,"7.529167, 47.59"
LFSD,medium_airport,Dijon-Bourgogne Airport,DIJ,"5.09, 47.268902"
LFSL,medium_airport,Brive-Souillac,BVE,"1.485556, 45.039722"
LFSN,medium_airport,Nancy-Essey Airport,ENC,"6.230460166931152, 48.692100524902344"
LFST,medium_airport,Strasbourg Airport,SXB,"7.628230094909668, 48.538299560546875"
LGAD,medium_airport,Andravida Air Base,PYR,"21.292601, 37.9207"
LGAL,medium_airport,Dimokritos Airport,AXD,"25.956300735473633, 40.855899810791016"
LGAV,large_airport,Eleftherios Venizelos International Airport,ATH,"23.9444999695, 37.9364013672"
LGBL,medium_airport,Nea Anchialos Airport,VOL,"22.794300079345703, 39.219600677490234"
LGHI,medium_airport,Chios Island National Airport,JKH,"26.140600204467773, 38.34320068359375"
LGIO,medium_airport,Ioannina Airport,IOA,"20.822500228881836, 39.6963996887207"
LGIR,large_airport,Heraklion International Nikos Kazantzakis Airport,HER,"25.180299758900002, 35.3396987915"
LGKF,medium_airport,Kefallinia Airport,EFL,"20.500499725341797, 38.12009811401367"
LGKL,medium_airport,Kalamata Airport,KLX,"22.02549934387207, 37.06829833984375"
LGKO,medium_airport,Kos Airport,KGS,"27.091699600219727, 36.79330062866211"
LGKP,medium_airport,Karpathos Airport,AOK,"27.145999908447266, 35.4213981628418"
LGKR,medium_airport,Ioannis Kapodistrias International Airport,CFU,"19.911699295043945, 39.601898193359375"
LGKV,medium_airport,Alexander the Great International Airport,KVA,"24.619199752807617, 40.913299560546875"
LGKZ,medium_airport,Filippos Airport,KZI,"21.84079933166504, 40.28609848022461"
LGMK,medium_airport,Mikonos Airport,JMK,"25.348100662231445, 37.43510055541992"
LGMT,medium_airport,Mytilene International Airport,MJT,"26.5983009338, 39.0567016602"
LGPZ,medium_airport,Aktion National Airport,PVK,"20.765300750732422, 38.925498962402344"
LGRP,medium_airport,Diagoras Airport,RHO,"28.086200714111328, 36.405399322509766"
LGRX,medium_airport,Araxos Airport,GPA,"21.4256, 38.1511"
LGSA,medium_airport,Chania International Airport,CHQ,"24.149700164794922, 35.531700134277344"
LGSK,medium_airport,Skiathos Island National Airport,JSI,"23.503700256347656, 39.177101135253906"
LGSM,medium_airport,Samos Airport,SMI,"26.911699295043945, 37.689998626708984"
LGSR,medium_airport,Santorini Airport,JTR,"25.479299545288086, 36.399200439453125"
LGST,medium_airport,Sitia Airport,JSH,"26.101299285888672, 35.21609878540039"
LGTS,large_airport,Thessaloniki Macedonia International Airport,SKG,"22.97089958190918, 40.51969909667969"
LGZA,medium_airport,"Zakynthos International Airport ""Dionysios Solomos""",ZTH,"20.8843, 37.7509"
LHBP,large_airport,Budapest Liszt Ferenc International Airport,BUD,"19.261093, 47.42976"
LHDC,medium_airport,Debrecen International Airport,DEB,"21.615299224853516, 47.48889923095703"
LIBC,medium_airport,Crotone Airport,CRV,"17.0802, 38.9972"
LIBF,medium_airport,"Foggia ""Gino Lisa"" Airport",FOG,"15.535, 41.432899"
LIBG,medium_airport,"Taranto-Grottaglie ""Marcello Arlotta"" Airport",TAR,"17.4032, 40.517502"
LIBN,medium_airport,Lecce Galatina Air Base,LCC,"18.133301, 40.239201"
LIBP,medium_airport,Pescara International Airport,PSR,"14.1811, 42.431702"
LICA,medium_airport,Lamezia Terme Airport,SUF,"16.2423, 38.905399"
LICB,medium_airport,Comiso Airport,CIY,"14.607182, 36.994601"
LICC,large_airport,Catania-Fontanarossa Airport,CTA,"15.0664, 37.466801"
LICD,medium_airport,Lampedusa Airport,LMP,"12.6181, 35.497898"
LICG,medium_airport,Pantelleria Airport,PNL,"11.9689, 36.816502"
LICR,medium_airport,Reggio Calabria Airport,REG,"15.6516, 38.071201"
LICT,medium_airport,Vincenzo Florio Airport Trapani-Birgi,TPS,"12.488, 37.9114"
LICZ,medium_airport,Sigonella Navy Air Base,NSY,"14.9224, 37.401699"
LIEA,medium_airport,Alghero-Fertilia Airport,AHO,"8.29077, 40.632099"
LIED,medium_airport,Decimomannu Air Base,DCI,"8.97248, 39.354198"
LIEE,large_airport,Cagliari Elmas Airport,CAG,"9.05428, 39.251499"
LIEO,medium_airport,Olbia Costa Smeralda Airport,OLB,"9.51763, 40.898701"
LIMC,large_airport,Malpensa International Airport,MXP,"8.72811, 45.6306"
LIME,large_airport,Milan Bergamo Airport,BGY,"9.70417, 45.673901"
LIMF,large_airport,Turin Airport,TRN,"7.64963, 45.200802"
LIMG,medium_airport,Villanova D'Albenga International Airport,ALL,"8.12743, 44.050598"
LIMJ,large_airport,Genoa Cristoforo Colombo Airport,GOA,"8.8375, 44.4133"
LIML,large_airport,Milano Linate Airport,LIN,"9.27674, 45.445099"
LIMP,medium_airport,Parma Airport,PMF,"10.2964, 44.824501"
LIMW,medium_airport,Aosta Airport,AOT,"7.36872, 45.738499"
LIMZ,medium_airport,Cuneo International Airport,CUF,"7.62322, 44.547001"
LIPA,medium_airport,Aviano Air Base,AVB,"12.596503, 46.031898"
LIPB,medium_airport,Bolzano Airport,BZO,"11.3264, 46.460201"
LIPE,large_airport,Bologna Guglielmo Marconi Airport,BLQ,"11.2887, 44.5354"
LIPH,large_airport,Treviso-Sant'Angelo Airport,TSF,"12.1944, 45.648399"
LIPO,medium_airport,Brescia Airport,VBS,"10.3306, 45.428902"
LIPR,medium_airport,Federico Fellini International Airport,RMI,"12.6117, 44.020302"
LIPU,medium_airport,Padova Airport,QPA,"11.8479, 45.395802"
LIPX,large_airport,Verona Villafranca Airport,VRN,"10.8885, 45.395699"
LIPY,medium_airport,Ancona Falconara Airport,AOI,"13.3623, 43.616299"
LIPZ,large_airport,Venice Marco Polo Airport,VCE,"12.3519, 45.505299"
LIQS,medium_airport,Siena-Ampugnano Airport,SAY,"11.255, 43.256302"
LIQW,medium_airport,Sarzana-Luni Air Base,QLP,"9.98795, 44.088001"
LIRI,medium_airport,Salerno Costa d'Amalfi Airport,QSR,"14.9113, 40.620399"
LIRJ,medium_airport,Marina Di Campo Airport,EBA,"10.2394, 42.7603"
LIRL,medium_airport,Latina Air Base,QLT,"12.909, 41.5424"
LIRN,large_airport,Naples International Airport,NAP,"14.2908, 40.886002"
LIRP,large_airport,Pisa International Airport,PSA,"10.3927, 43.683899"
LIRQ,medium_airport,Peretola Airport,FLR,"11.2051, 43.810001"
LIRS,medium_airport,Grosseto Air Base,GRS,"11.0719, 42.759701"
LJMB,medium_airport,Maribor Airport,MBX,"15.686100006103516, 46.47990036010742"
LJPZ,medium_airport,Portoroz Airport,POW,"13.614999771118164, 45.4734001159668"
LKKU,medium_airport,Kunovice Airport,UHE,"17.439699172973633, 49.02939987182617"
LKKV,medium_airport,Karlovy Vary International Airport,KLV,"12.914999961853027, 50.202999114990234"
LKPD,medium_airport,Pardubice Airport,PED,"15.73859977722168, 50.01340103149414"
LKVO,medium_airport,Vodochody Airport,VOD,"14.3958, 50.216599"
LMML,large_airport,Malta International Airport,MLA,"14.4775, 35.857498"
LOWG,medium_airport,Graz Airport,GRZ,"15.439599990844727, 46.9911003112793"
LOWI,medium_airport,Innsbruck Airport,INN,"11.344, 47.260201"
LOWK,medium_airport,Klagenfurt Airport,KLU,"14.3377, 46.642502"
LOWS,medium_airport,Salzburg Airport,SZG,"13.0043001175, 47.793300628699996"
LOWW,large_airport,Vienna International Airport,VIE,"16.569700241089, 48.110298156738"
LPAR,medium_airport,Alverca Air Base,AVR,"-9.0301, 38.883301"
LPAZ,medium_airport,Santa Maria Airport,SMA,"-25.17060089111328, 36.97140121459961"
LPBJ,medium_airport,Beja Airport / Airbase,BYJ,"-7.9324, 38.078899"
LPBR,medium_airport,Braga Municipal Aerodrome,BGZ,"-8.445139884949999, 41.5871009827"
LPCS,medium_airport,Cascais Airport,CAT,"-9.35523, 38.724998"
LPFL,medium_airport,Flores Airport,FLW,"-31.131399154663086, 39.455299377441406"
LPFR,large_airport,Faro Airport,FAO,"-7.96590995789, 37.0144004822"
LPGR,medium_airport,Graciosa Airport,GRW,"-28.029800415039062, 39.092201232910156"
LPHR,medium_airport,Horta Airport,HOR,"-28.715900421142578, 38.519901275634766"
LPLA,large_airport,Lajes Airport,TER,"-27.090799, 38.761799"
LPMA,medium_airport,Madeira Airport,FNC,"-16.7745, 32.697899"
LPMR,medium_airport,Monte Real Air Base,QLR,"-8.8875, 39.828335"
LPPI,medium_airport,Pico Airport,PIX,"-28.441299, 38.554298"
LPPS,medium_airport,Porto Santo Airport,PXO,"-16.3500003815, 33.0733985901"
LPPT,large_airport,Humberto Delgado Airport (Lisbon Portela Airport),LIS,"-9.13592, 38.7813"
LPVR,medium_airport,Vila Real Airport,VRL,"-7.72047, 41.2743"
LPVZ,medium_airport,Aerodromo Goncalves Lobato (Viseu Airport),VSE,"-7.88899, 40.725498"
LQBK,medium_airport,Banja Luka International Airport,BNX,"17.297500610351562, 44.94139862060547"
LQMO,medium_airport,Mostar International Airport,OMO,"17.84589958190918, 43.282901763916016"
LQSA,large_airport,Sarajevo International Airport,SJJ,"18.331499099731445, 43.82460021972656"
LQTZ,medium_airport,Tuzla International Airport,TZL,"18.72480010986328, 44.45869827270508"
LRAR,medium_airport,Arad International Airport,ARW,"21.261999130249023, 46.17660140991211"
LRCL,medium_airport,Cluj-Napoca International Airport,CLJ,"23.686199, 46.785198"
LRCV,medium_airport,Craiova Airport,CRA,"23.888599395751953, 44.31809997558594"
LROD,medium_airport,Oradea International Airport,OMR,"21.90250015258789, 47.025299072265625"
LRSB,medium_airport,Sibiu International Airport,SBZ,"24.091299057006836, 45.78559875488281"
LRSM,medium_airport,Satu Mare Airport,SUJ,"22.885700225830078, 47.70330047607422"
LRSV,medium_airport,Suceava Stefan cel Mare Airport,SCV,"26.35409927368164, 47.6875"
LRTC,medium_airport,Tulcea Airport,TCE,"28.71430015563965, 45.0625"
LSGG,large_airport,Geneva Cointrin International Airport,GVA,"6.108950138092041, 46.23809814453125"
LSGS,medium_airport,Sion Airport,SIR,"7.326944, 46.219166"
LSME,medium_airport,Emmen Air Base,EML,"8.305184, 47.092444"
LSZA,medium_airport,Lugano Airport,LUG,"8.9105796814, 46.00429916379999"
LSZB,medium_airport,Bern Belp Airport,BRN,"7.497149944309999, 46.914100647"
LSZG,medium_airport,Grenchen Airport,ZHI,"7.41719, 47.181599"
LSZR,medium_airport,St Gallen Altenrhein Airport,ACH,"9.560770034789998, 47.4850006104"
LSZS,medium_airport,Samedan Airport,SMV,"9.884110450744629, 46.53409957885742"
LUZ,medium_airport,Lublin Airport,LUZ,"22.713611, 51.240278"
LWOH,medium_airport,Ohrid St. Paul the Apostle Airport,OHD,"20.7423, 41.18"
LWSK,large_airport,Skopje International Airport,SKP,"21.621401, 41.961601"
LXGB,medium_airport,Gibraltar Airport,GIB,"-5.3496599197400005, 36.1511993408"
LYBE,large_airport,Belgrade Nikola Tesla Airport,BEG,"20.3090991974, 44.8184013367"
LYBT,medium_airport,Batajnica Air Base,BJY,"20.2575, 44.935299"
LYNI,medium_airport,Nis Airport,INI,"21.853701, 43.337299"
LYPG,large_airport,Podgorica Airport,TGD,"19.2519, 42.359402"
LYTV,medium_airport,Tivat Airport,TIV,"18.72330093383789, 42.404701232910156"
LZTT,medium_airport,Poprad-Tatry Airport,TAT,"20.2411003113, 49.073600769"
RU-0035,large_airport,Grozny North Airport,GRV,"45.698601, 43.388302"
SE-0016,medium_airport,Scandinavian Mountains Airport,SCR,"12.840676, 61.159092"
UEMA,medium_airport,Moma Airport,MQJ,"143.261551, 66.450861"
UEMM,medium_airport,Magan Airport,GYG,"129.545288, 62.103484"
UEMO,medium_airport,Olyokminsk Airport,OLZ,"120.471001, 60.397499"
UEMT,medium_airport,Ust-Nera Airport,USR,"143.11500549316, 64.550003051758"
UERS,medium_airport,Saskylakh Airport,SYS,"114.08000183105, 71.92790222168"
UESG,medium_airport,Belaya Gora Airport,BGN,"146.231506, 68.556602"
UESK,medium_airport,Srednekolymsk Airport,SEK,"153.7364, 67.4805"
UHMA,medium_airport,Ugolny Airport,DYR,"177.740997, 64.734902"
UHMD,medium_airport,Provideniya Bay Airport,PVS,"-173.2429962158203, 64.37809753417969"
UHMK,medium_airport,Keperveem Airport,KPW,"166.139999, 67.845001"
UHNN,medium_airport,Nikolayevsk-na-Amure Airport,NLI,"140.649994, 53.154999"
UIAA,medium_airport,Chita-Kadala Airport,HTA,"113.306, 52.026299"
UKBB,large_airport,Boryspil International Airport,KBP,"30.894699096679688, 50.345001220703125"
UKCM,medium_airport,Mariupol International Airport,MPW,"37.44960021972656, 47.07609939575195"
UKCW,medium_airport,Luhansk International Airport,VSG,"39.3740997314, 48.4174003601"
UKDD,medium_airport,Dnipropetrovsk International Airport,DNK,"35.10060119628906, 48.357200622558594"
UKDE,medium_airport,Zaporizhzhia International Airport,OZH,"35.31570053100586, 47.867000579833984"
UKDR,medium_airport,Kryvyi Rih International Airport,KWG,"33.209999084472656, 48.04330062866211"
UKFB,medium_airport,Belbek Airport,UKS,"33.570999145500004, 44.688999176"
UKFF,large_airport,Simferopol International Airport,SIP,"33.975101, 45.0522"
UKHH,large_airport,Kharkiv International Airport,HRK,"36.290000915527344, 49.924800872802734"
UKKE,medium_airport,Cherkasy International Airport,CKC,"31.99530029296875, 49.41559982299805"
UKKK,medium_airport,Kiev Zhuliany International Airport,IEV,"30.45194, 50.40194"
UKKM,medium_airport,Gostomel Airport,GML,"30.1919002532959, 50.60350036621094"
UKLH,medium_airport,Khmelnytskyi Airport,HMJ,"26.933399, 49.359699"
UKLI,medium_airport,Ivano-Frankivsk International Airport,IFO,"24.686100006103516, 48.88420104980469"
UKLL,medium_airport,Lviv International Airport,LWO,"23.956100463867188, 49.8125"
UKLN,medium_airport,Chernivtsi International Airport,CWC,"25.98080062866211, 48.259300231933594"
UKLR,medium_airport,Rivne International Airport,RWN,"26.141599655151367, 50.60710144042969"
UKLU,medium_airport,Uzhhorod International Airport,UDJ,"22.263399124145508, 48.634300231933594"
UKON,medium_airport,Mykolaiv International Airport,NLV,"31.9197998046875, 47.057899475097656"
UKOO,large_airport,Odessa International Airport,ODS,"30.67650032043457, 46.42679977416992"
ULAA,medium_airport,Talagi Airport,ARH,"40.71670150756836, 64.60030364990234"
ULAM,medium_airport,Naryan Mar Airport,NNM,"53.12189865112305, 67.63999938964844"
ULBC,medium_airport,Cherepovets Airport,CEE,"38.015800476100004, 59.273601532"
ULKK,medium_airport,Kotlas Airport,KSZ,"46.6974983215332, 61.235801696777344"
ULLI,large_airport,Pulkovo Airport,LED,"30.262500762939453, 59.80030059814453"
ULMM,medium_airport,Murmansk Airport,MMK,"32.75080108642578, 68.78170013427734"
ULOL,medium_airport,Velikiye Luki Airport,VLU,"30.60810089111328, 56.381099700927734"
ULOO,medium_airport,Pskov Airport,PKV,"28.395599365234375, 57.78390121459961"
ULPB,medium_airport,Petrozavodsk Airport,PES,"34.154701232910156, 61.88520050048828"
ULWW,medium_airport,Vologda Airport,VGD,"39.944400787353516, 59.282501220703125"
UMBB,medium_airport,Brest Airport,BQT,"23.8981, 52.108299"
UMGG,medium_airport,Gomel Airport,GME,"31.016700744628906, 52.527000427246094"
UMII,medium_airport,Vitebsk Vostochny Airport,VTB,"30.349599838257, 55.126499176025"
UMKK,medium_airport,Khrabrovo Airport,KGD,"20.592599868774414, 54.88999938964844"
UMMG,medium_airport,Hrodna Airport,GNA,"24.053800582885742, 53.60200119018555"
UMMS,large_airport,Minsk National Airport,MSQ,"28.030700683594, 53.882499694824"
UMOO,medium_airport,Mogilev Airport,MVQ,"30.09510040283203, 53.954898834228516"
UNIP,medium_airport,Podkamennaya Tunguska Airport,TGP,"89.994003, 61.589699"
UNKL,large_airport,Yemelyanovo Airport,KJA,"92.493301, 56.172901"
UNWW,medium_airport,Spichenkovo Airport,NOZ,"86.877197, 53.811401"
URKA,medium_airport,Anapa Vityazevo Airport,AAQ,"37.347301483154, 45.002101898193"
URKE,medium_airport,Yeysk Airport,EIK,"38.21, 46.68"
URKG,medium_airport,Gelendzhik Airport,GDZ,"38.0124807358, 44.5820926295"
URKK,medium_airport,Krasnodar Pashkovsky International Airport,KRR,"39.170501708984, 45.034698486328"
URML,medium_airport,Uytash Airport,MCX,"47.65230178833008, 42.81679916381836"
URMM,medium_airport,Mineralnyye Vody Airport,MRV,"43.08190155029297, 44.225101470947266"
URMN,medium_airport,Nalchik Airport,NAL,"43.636600494384766, 43.512901306152344"
URMO,medium_airport,Beslan Airport,OGZ,"44.6066017151, 43.2051010132"
URMS,medium_airport,Magas Airport,IGT,"45.0125999451, 43.322299957300004"
URMT,medium_airport,Stavropol Shpakovskoye Airport,STW,"42.11280059814453, 45.10919952392578"
URRP,large_airport,Platov International Airport,ROV,"39.924722, 47.493888"
URRT,medium_airport,Taganrog Yuzhny Airport,TGK,"38.8491667, 47.1983333"
URSS,large_airport,Sochi International Airport,AER,"39.9566, 43.449902"
URWA,medium_airport,Astrakhan Airport,ASF,"48.0063018799, 46.2832984924"
URWI,medium_airport,Elista Airport,ESL,"44.33089828491211, 46.3739013671875"
URWW,medium_airport,Volgograd International Airport,VOG,"44.34550094604492, 48.782501220703125"
USCC,medium_airport,Chelyabinsk Balandino Airport,CEK,"61.5033, 55.305801"
USCM,medium_airport,Magnitogorsk International Airport,MQF,"58.755699157714844, 53.39310073852539"
USDA,medium_airport,Sabetta International Airport,SBT,"72.052222, 71.219167"
USHN,medium_airport,Nyagan Airport,NYA,"65.614998, 62.110001"
USHY,medium_airport,Beloyarskiy Airport,EYK,"66.698601, 63.686901"
USII,medium_airport,Izhevsk Airport,IJK,"53.45750045776367, 56.82809829711914"
USKK,medium_airport,Pobedilovo Airport,KVX,"49.348300933838, 58.503299713135"
USPP,medium_airport,Bolshoye Savino Airport,PEE,"56.021198272705, 57.914501190186"
UUBA,medium_airport,Kostroma Sokerkino Airport,KMW,"41.019401550299996, 57.7969017029"
UUBC,medium_airport,Grabtsevo Airport,KLF,"36.3666687012, 54.5499992371"
UUBI,medium_airport,Ivanovo South Airport,IWA,"40.940799713134766, 56.93939971923828"
UUBK,medium_airport,Staroselye Airport,RYB,"38.92940139770508, 58.10419845581055"
UUBP,medium_airport,Bryansk Airport,BZK,"34.176399, 53.214199"
UUBW,large_airport,Zhukovsky International Airport,ZIA,"38.150002, 55.553299"
UUDD,large_airport,Domodedovo International Airport,DME,"37.90629959106445, 55.40879821777344"
UUEE,large_airport,Sheremetyevo International Airport,SVO,"37.4146, 55.972599"
UUEM,medium_airport,Migalovo Air Base,KLD,"35.7577018737793, 56.82469940185547"
UUMO,medium_airport,Ostafyevo International Airport,OSF,"37.507222, 55.511667"
UUMU,medium_airport,Chkalovskiy Air Base,CKL,"38.061699, 55.8783"
UUOB,medium_airport,Belgorod International Airport,EGO,"36.5900993347168, 50.643798828125"
UUOK,medium_airport,Kursk East Airport,URS,"36.29560089111328, 51.7505989074707"
UUOL,medium_airport,Lipetsk Airport,LPK,"39.53779983520508, 52.70280075073242"
UUOO,medium_airport,Voronezh International Airport,VOZ,"39.22959899902344, 51.81420135498047"
UUOR,medium_airport,Oryol Yuzhny Airport,OEL,"36.0022010803, 52.934700012200004"
UUOT,medium_airport,Donskoye Airport,TBW,"41.482799530029, 52.806098937988"
UUWW,large_airport,Vnukovo International Airport,VKO,"37.2615013123, 55.5914993286"
UUYH,medium_airport,Ukhta Airport,UCT,"53.8046989440918, 63.566898345947266"
UUYP,medium_airport,Pechora Airport,PEX,"57.13079833984375, 65.12110137939453"
UUYS,medium_airport,Usinsk Airport,USK,"57.3671989440918, 66.00469970703125"
UUYX,medium_airport,Ust-Tsylma Airport,UTS,"52.20033645629999, 65.43729400630001"
UUYY,medium_airport,Syktyvkar Airport,SCW,"50.84510040283203, 61.64699935913086"
UWGG,medium_airport,Nizhny Novgorod Strigino International Airport,GOJ,"43.784000396729, 56.230098724365"
UWKB,medium_airport,Bugulma Airport,UUA,"52.801700592041016, 54.63999938964844"
UWKD,large_airport,Kazan International Airport,KZN,"49.278701782227, 55.606201171875"
UWKE,medium_airport,Begishevo Airport,NBC,"52.092498779296875, 55.564701080322266"
UWKJ,medium_airport,Yoshkar-Ola Airport,JOK,"47.904701232910156, 56.700599670410156"
UWKS,medium_airport,Cheboksary Airport,CSY,"47.3473014831543, 56.090301513671875"
UWLL,medium_airport,Ulyanovsk Baratayevka Airport,ULV,"48.226699829100006, 54.26829910279999"
UWLW,medium_airport,Ulyanovsk East Airport,ULY,"48.80270004272461, 54.4010009765625"
UWOO,medium_airport,Orenburg Central Airport,REN,"55.45669937133789, 51.795799255371094"
UWOR,medium_airport,Orsk Airport,OSW,"58.59560012817383, 51.0724983215332"
UWPP,medium_airport,Penza Airport,PEZ,"45.02109909057617, 53.110599517822266"
UWPS,medium_airport,Saransk Airport,SKX,"45.212257385253906, 54.12512969970703"
UWSB,medium_airport,Balakovo Airport,BWO,"47.7456016541, 51.8582992554"
UWSS,medium_airport,Saratov Central Airport,RTW,"46.04669952392578, 51.564998626708984"
UWUU,large_airport,Ufa International Airport,UFA,"55.874401092529, 54.557498931885"
UWWW,large_airport,Kurumoch International Airport,KUF,"50.16429901123, 53.504901885986"
XUBS,medium_airport,Smolensk North Airport,LNX,"32.025, 54.824"
